"student_id","first_name","last_name","gender","ph_number","email","faculty","password"

"stu13257891","Hari","Mainali","Male","9812345678","harimandal@gmail.com","Computer Science",ramailo123
"stu44472812","Ram","Mandal","Male","9845612378","rammandal@gmail.com","Computer Science","12345678"
"stu78425154","Priyanka","Nadal","Female","1234578","noob@gmail.com","Computer Science","gojosatoruballs"
"stu171717","Prem","Gurung","Male","981245789","prem@gurung.com","Computer Science","12345678"
"12345678","Ram","Bandal","Female","1234567890","ramb@gmail.coms","Business Administration","rambandal420"
"wadwerad","adsdasa","adsdas","Male","9999999999","ramesh@staff.com","daqswadfs","adswadfsfasafs"
